[{"model": "trello_boards.board", "pk": 53, "fields": {"user": 1, "board_title": "new board", "date_created": "2022-07-20T19:12:04.909Z", "list_order": "81,95,103,", "background_color": "green"}}, {"model": "trello_boards.board", "pk": 59, "fields": {"user": 14, "board_title": "new board", "date_created": "2023-09-29T16:47:24.878Z", "list_order": "93,", "background_color": "green"}}, {"model": "trello_boards.board", "pk": 60, "fields": {"user": 1, "board_title": "new board", "date_created": "2023-10-03T20:05:52.943Z", "list_order": "98,102,", "background_color": "blue"}}, {"model": "trello_boards.board", "pk": 61, "fields": {"user": 15, "board_title": "Example Board", "date_created": "2023-10-03T20:20:03.440Z", "list_order": "99,100,101,", "background_color": "green"}}, {"model": "trello_boards.board", "pk": 62, "fields": {"user": 16, "board_title": "board 1", "date_created": "2023-10-10T18:52:27.485Z", "list_order": "104,", "background_color": "green"}}, {"model": "trello_boards.board", "pk": 63, "fields": {"user": 1, "board_title": "test board", "date_created": "2024-02-02T20:15:15.913Z", "list_order": "106,105,", "background_color": "green"}}, {"model": "trello_boards.board", "pk": 67, "fields": {"user": 15, "board_title": "new board", "date_created": "2024-02-02T20:30:30.145Z", "list_order": "113,112,", "background_color": "orange"}}, {"model": "trello_boards.list", "pk": 81, "fields": {"board": 53, "list_title": "To Do List A", "date_created": "2022-07-20T19:12:04.919Z", "card_order": "54,55,56,53,67,"}}, {"model": "trello_boards.list", "pk": 93, "fields": {"board": 59, "list_title": "To Do", "date_created": "2023-09-29T16:47:24.887Z", "card_order": "66,"}}, {"model": "trello_boards.list", "pk": 95, "fields": {"board": 53, "list_title": "adadsa", "date_created": "2023-10-02T16:47:45.607Z", "card_order": "68,"}}, {"model": "trello_boards.list", "pk": 98, "fields": {"board": 60, "list_title": "To Do", "date_created": "2023-10-03T20:05:52.954Z", "card_order": "69,70,"}}, {"model": "trello_boards.list", "pk": 99, "fields": {"board": 61, "list_title": "Example List", "date_created": "2023-10-03T20:20:03.450Z", "card_order": "71,72,73,74,76,75,"}}, {"model": "trello_boards.list", "pk": 100, "fields": {"board": 61, "list_title": "Another Example List", "date_created": "2023-10-03T20:20:45.255Z", "card_order": "77,"}}, {"model": "trello_boards.list", "pk": 101, "fields": {"board": 61, "list_title": "Click me to edit!", "date_created": "2023-10-03T20:20:56.649Z", "card_order": ""}}, {"model": "trello_boards.list", "pk": 102, "fields": {"board": 60, "list_title": "doing", "date_created": "2023-10-04T19:10:09.588Z", "card_order": "79,80,81,82,83,84,85,"}}, {"model": "trello_boards.list", "pk": 103, "fields": {"board": 53, "list_title": "hi", "date_created": "2023-10-10T18:51:34.274Z", "card_order": ""}}, {"model": "trello_boards.list", "pk": 104, "fields": {"board": 62, "list_title": "list 1", "date_created": "2023-10-10T18:52:27.495Z", "card_order": "86,"}}, {"model": "trello_boards.list", "pk": 105, "fields": {"board": 63, "list_title": "Test List", "date_created": "2024-02-02T20:15:15.926Z", "card_order": "87,89,"}}, {"model": "trello_boards.list", "pk": 106, "fields": {"board": 63, "list_title": "Done", "date_created": "2024-02-02T20:17:21.536Z", "card_order": "88,"}}, {"model": "trello_boards.list", "pk": 112, "fields": {"board": 67, "list_title": "To Do", "date_created": "2024-02-02T20:30:30.155Z", "card_order": "102,103,"}}, {"model": "trello_boards.list", "pk": 113, "fields": {"board": 67, "list_title": "Done", "date_created": "2024-02-02T20:31:31.119Z", "card_order": "100,101,"}}, {"model": "trello_boards.card", "pk": 53, "fields": {"list_name": 81, "card_title": "card", "card_description": "efefefefe", "due_date": "2023-10-02T22:28:00Z", "date_created": "2022-07-20T19:12:13.260Z", "due_date_completed": false}}, {"model": "trello_boards.card", "pk": 54, "fields": {"list_name": 81, "card_title": "card 2card 2card 2card 2card 2card 2card 2card 2", "card_description": "", "due_date": "2023-10-02T13:59:00Z", "date_created": "2022-07-20T19:22:51.186Z", "due_date_completed": true}}, {"model": "trello_boards.card", "pk": 55, "fields": {"list_name": 81, "card_title": "card 3", "card_description": "qeqeqweq", "due_date": "2023-11-30T16:20:00Z", "date_created": "2022-07-20T19:41:12.705Z", "due_date_completed": true}}, {"model": "trello_boards.card", "pk": 56, "fields": {"list_name": 81, "card_title": "card 4", "card_description": "this is a description\r\n", "due_date": null, "date_created": "2023-09-27T15:48:36.313Z", "due_date_completed": false}}, {"model": "trello_boards.card", "pk": 66, "fields": {"list_name": 93, "card_title": "test card", "card_description": "", "due_date": null, "date_created": "2023-09-29T20:06:08.963Z", "due_date_completed": false}}, {"model": "trello_boards.card", "pk": 67, "fields": {"list_name": 81, "card_title": "card 5", "card_description": "", "due_date": null, "date_created": "2023-09-29T21:27:52.171Z", "due_date_completed": false}}, {"model": "trello_boards.card", "pk": 68, "fields": {"list_name": 95, "card_title": "dasadadsa", "card_description": "", "due_date": null, "date_created": "2023-10-02T22:41:22.171Z", "due_date_completed": false}}, {"model": "trello_boards.card", "pk": 69, "fields": {"list_name": 98, "card_title": "dsdsd", "card_description": "", "due_date": null, "date_created": "2023-10-03T20:05:59.039Z", "due_date_completed": false}}, {"model": "trello_boards.card", "pk": 70, "fields": {"list_name": 98, "card_title": "dsadaihida thihdiashdaisd shdishdaidhiasdad", "card_description": "", "due_date": null, "date_created": "2023-10-03T20:06:05.152Z", "due_date_completed": false}}, {"model": "trello_boards.card", "pk": 71, "fields": {"list_name": 99, "card_title": "example card with a checklist", "card_description": "", "due_date": null, "date_created": "2023-10-03T20:21:13.374Z", "due_date_completed": false}}, {"model": "trello_boards.card", "pk": 72, "fields": {"list_name": 99, "card_title": "example card with a due date", "card_description": "", "due_date": "2023-10-24T15:23:00Z", "date_created": "2023-10-03T20:21:36.796Z", "due_date_completed": true}}, {"model": "trello_boards.card", "pk": 73, "fields": {"list_name": 99, "card_title": "example card with a member", "card_description": "", "due_date": null, "date_created": "2023-10-03T20:21:45.632Z", "due_date_completed": false}}, {"model": "trello_boards.card", "pk": 74, "fields": {"list_name": 99, "card_title": "example card with some labels", "card_description": "", "due_date": null, "date_created": "2023-10-03T20:22:05.101Z", "due_date_completed": false}}, {"model": "trello_boards.card", "pk": 75, "fields": {"list_name": 99, "card_title": "example card with some of everything ", "card_description": "this is some description", "due_date": "2023-10-02T15:24:00Z", "date_created": "2023-10-03T20:22:24.729Z", "due_date_completed": false}}, {"model": "trello_boards.card", "pk": 76, "fields": {"list_name": 99, "card_title": "example card with a description", "card_description": "this is some description", "due_date": null, "date_created": "2023-10-03T20:22:41.693Z", "due_date_completed": false}}, {"model": "trello_boards.card", "pk": 77, "fields": {"list_name": 100, "card_title": "Click me to see card details!\r\n", "card_description": "", "due_date": null, "date_created": "2023-10-03T20:25:57.518Z", "due_date_completed": false}}, {"model": "trello_boards.card", "pk": 79, "fields": {"list_name": 102, "card_title": "card", "card_description": "", "due_date": null, "date_created": "2023-10-04T19:10:14.386Z", "due_date_completed": false}}, {"model": "trello_boards.card", "pk": 80, "fields": {"list_name": 102, "card_title": "new-list-composer-inputnew-list-composer-inputnew-list-composer-inputnew-list-composer-input", "card_description": "", "due_date": null, "date_created": "2023-10-04T19:10:20.597Z", "due_date_completed": false}}, {"model": "trello_boards.card", "pk": 81, "fields": {"list_name": 102, "card_title": "new-list-composer-inputnew-list-composer-inputnew-list-composer-inputnew-list-composer-inputnew-list-composer-inputnew-list-composer-inputnew-list-composer-inputnew-list-composer-input", "card_description": "", "due_date": null, "date_created": "2023-10-04T19:10:24.666Z", "due_date_completed": false}}, {"model": "trello_boards.card", "pk": 82, "fields": {"list_name": 102, "card_title": "new-list-composer-inputnew-list-composer-inputnew-list-composer-inputv", "card_description": "", "due_date": null, "date_created": "2023-10-04T19:10:29.432Z", "due_date_completed": false}}, {"model": "trello_boards.card", "pk": 83, "fields": {"list_name": 102, "card_title": "new-list-composer-inputnew-list-composer-inputnew-list-composer-inputnew-list-composer-input", "card_description": "", "due_date": null, "date_created": "2023-10-04T19:10:31.336Z", "due_date_completed": false}}, {"model": "trello_boards.card", "pk": 84, "fields": {"list_name": 102, "card_title": "new-list-composer-inputnew-list-composer-inputnew-list-composer-inputnew-list-composer-inputnew-list-composer-input", "card_description": "", "due_date": null, "date_created": "2023-10-04T19:10:37.208Z", "due_date_completed": false}}, {"model": "trello_boards.card", "pk": 85, "fields": {"list_name": 102, "card_title": "new-list-composer-inputnew-list-composer-inputnew-list-composer-inputnew-list-composer-inputnew-list-composer-input", "card_description": "", "due_date": null, "date_created": "2023-10-04T19:10:43.593Z", "due_date_completed": false}}, {"model": "trello_boards.card", "pk": 86, "fields": {"list_name": 104, "card_title": "list 2", "card_description": "", "due_date": null, "date_created": "2023-10-10T18:52:42.612Z", "due_date_completed": false}}, {"model": "trello_boards.card", "pk": 87, "fields": {"list_name": 105, "card_title": "Test Card", "card_description": "This is a test card", "due_date": null, "date_created": "2024-02-02T20:15:33.163Z", "due_date_completed": false}}, {"model": "trello_boards.card", "pk": 88, "fields": {"list_name": 106, "card_title": "Test Card With Labels", "card_description": "", "due_date": null, "date_created": "2024-02-02T20:16:00.448Z", "due_date_completed": false}}, {"model": "trello_boards.card", "pk": 89, "fields": {"list_name": 105, "card_title": "Card with checklists", "card_description": "", "due_date": null, "date_created": "2024-02-02T20:16:25.079Z", "due_date_completed": false}}, {"model": "trello_boards.card", "pk": 100, "fields": {"list_name": 113, "card_title": "card with members", "card_description": "", "due_date": null, "date_created": "2024-02-02T20:30:36.785Z", "due_date_completed": false}}, {"model": "trello_boards.card", "pk": 101, "fields": {"list_name": 113, "card_title": "card with labels", "card_description": "", "due_date": null, "date_created": "2024-02-02T20:30:45.455Z", "due_date_completed": false}}, {"model": "trello_boards.card", "pk": 102, "fields": {"list_name": 112, "card_title": "card with checklists", "card_description": "", "due_date": null, "date_created": "2024-02-02T20:31:00.103Z", "due_date_completed": false}}, {"model": "trello_boards.card", "pk": 103, "fields": {"list_name": 112, "card_title": "card with due dates", "card_description": "", "due_date": "2024-02-03T14:31:00Z", "date_created": "2024-02-02T20:31:18.622Z", "due_date_completed": true}}, {"model": "trello_boards.checklist", "pk": 20, "fields": {"card_name": 54, "checklist_title": "Checklist", "date_created": "2023-09-27T15:50:16.407Z"}}, {"model": "trello_boards.checklist", "pk": 21, "fields": {"card_name": 71, "checklist_title": "Checklist", "date_created": "2023-10-03T20:22:50.477Z"}}, {"model": "trello_boards.checklist", "pk": 22, "fields": {"card_name": 75, "checklist_title": "Custom Checklist", "date_created": "2023-10-03T20:24:34.603Z"}}, {"model": "trello_boards.checklist", "pk": 23, "fields": {"card_name": 89, "checklist_title": "Checklist", "date_created": "2024-02-02T20:16:29.392Z"}}, {"model": "trello_boards.checklist", "pk": 26, "fields": {"card_name": 102, "checklist_title": "Checklist", "date_created": "2024-02-02T20:31:03.260Z"}}, {"model": "trello_boards.checklistitem", "pk": 21, "fields": {"checklist_name": 20, "item_title": "item 1\r\n", "date_created": "2023-09-27T15:50:27.444Z", "checked": true}}, {"model": "trello_boards.checklistitem", "pk": 22, "fields": {"checklist_name": 20, "item_title": "items 2", "date_created": "2023-09-27T15:50:31.462Z", "checked": true}}, {"model": "trello_boards.checklistitem", "pk": 23, "fields": {"checklist_name": 20, "item_title": "adasda", "date_created": "2023-10-02T18:38:02.181Z", "checked": true}}, {"model": "trello_boards.checklistitem", "pk": 24, "fields": {"checklist_name": 21, "item_title": "item 1", "date_created": "2023-10-03T20:22:56.979Z", "checked": false}}, {"model": "trello_boards.checklistitem", "pk": 25, "fields": {"checklist_name": 21, "item_title": "item 2", "date_created": "2023-10-03T20:23:00.228Z", "checked": true}}, {"model": "trello_boards.checklistitem", "pk": 26, "fields": {"checklist_name": 21, "item_title": "item 3", "date_created": "2023-10-03T20:23:03.841Z", "checked": true}}, {"model": "trello_boards.checklistitem", "pk": 27, "fields": {"checklist_name": 22, "item_title": "Item 1", "date_created": "2023-10-03T20:24:41.171Z", "checked": true}}, {"model": "trello_boards.checklistitem", "pk": 28, "fields": {"checklist_name": 22, "item_title": "Item 2", "date_created": "2023-10-03T20:24:44.124Z", "checked": false}}, {"model": "trello_boards.checklistitem", "pk": 29, "fields": {"checklist_name": 23, "item_title": "item 1", "date_created": "2024-02-02T20:16:39.475Z", "checked": true}}, {"model": "trello_boards.checklistitem", "pk": 30, "fields": {"checklist_name": 23, "item_title": "item 2", "date_created": "2024-02-02T20:16:43.525Z", "checked": false}}, {"model": "trello_boards.checklistitem", "pk": 35, "fields": {"checklist_name": 26, "item_title": "item 1\r\n", "date_created": "2024-02-02T20:31:06.842Z", "checked": true}}, {"model": "trello_boards.checklistitem", "pk": 36, "fields": {"checklist_name": 26, "item_title": "item 2", "date_created": "2024-02-02T20:31:09.892Z", "checked": true}}, {"model": "trello_boards.label", "pk": 31, "fields": {"board": 53, "label_title": "green", "label_custom_title": "green", "date_created": "2022-07-20T19:12:04.910Z"}}, {"model": "trello_boards.label", "pk": 32, "fields": {"board": 53, "label_title": "yellow", "label_custom_title": "", "date_created": "2022-07-20T19:12:04.912Z"}}, {"model": "trello_boards.label", "pk": 33, "fields": {"board": 53, "label_title": "orange", "label_custom_title": "test", "date_created": "2022-07-20T19:12:04.913Z"}}, {"model": "trello_boards.label", "pk": 34, "fields": {"board": 53, "label_title": "red", "label_custom_title": "", "date_created": "2022-07-20T19:12:04.915Z"}}, {"model": "trello_boards.label", "pk": 35, "fields": {"board": 53, "label_title": "purple", "label_custom_title": "", "date_created": "2022-07-20T19:12:04.916Z"}}, {"model": "trello_boards.label", "pk": 36, "fields": {"board": 53, "label_title": "blue", "label_custom_title": "", "date_created": "2022-07-20T19:12:04.918Z"}}, {"model": "trello_boards.label", "pk": 67, "fields": {"board": 59, "label_title": "green", "label_custom_title": "", "date_created": "2023-09-29T16:47:24.880Z"}}, {"model": "trello_boards.label", "pk": 68, "fields": {"board": 59, "label_title": "yellow", "label_custom_title": "", "date_created": "2023-09-29T16:47:24.881Z"}}, {"model": "trello_boards.label", "pk": 69, "fields": {"board": 59, "label_title": "orange", "label_custom_title": "", "date_created": "2023-09-29T16:47:24.882Z"}}, {"model": "trello_boards.label", "pk": 70, "fields": {"board": 59, "label_title": "red", "label_custom_title": "", "date_created": "2023-09-29T16:47:24.883Z"}}, {"model": "trello_boards.label", "pk": 71, "fields": {"board": 59, "label_title": "purple", "label_custom_title": "", "date_created": "2023-09-29T16:47:24.885Z"}}, {"model": "trello_boards.label", "pk": 72, "fields": {"board": 59, "label_title": "blue", "label_custom_title": "", "date_created": "2023-09-29T16:47:24.886Z"}}, {"model": "trello_boards.label", "pk": 73, "fields": {"board": 60, "label_title": "green", "label_custom_title": "", "date_created": "2023-10-03T20:05:52.945Z"}}, {"model": "trello_boards.label", "pk": 74, "fields": {"board": 60, "label_title": "yellow", "label_custom_title": "", "date_created": "2023-10-03T20:05:52.947Z"}}, {"model": "trello_boards.label", "pk": 75, "fields": {"board": 60, "label_title": "orange", "label_custom_title": "", "date_created": "2023-10-03T20:05:52.949Z"}}, {"model": "trello_boards.label", "pk": 76, "fields": {"board": 60, "label_title": "red", "label_custom_title": "", "date_created": "2023-10-03T20:05:52.950Z"}}, {"model": "trello_boards.label", "pk": 77, "fields": {"board": 60, "label_title": "purple", "label_custom_title": "", "date_created": "2023-10-03T20:05:52.952Z"}}, {"model": "trello_boards.label", "pk": 78, "fields": {"board": 60, "label_title": "blue", "label_custom_title": "", "date_created": "2023-10-03T20:05:52.953Z"}}, {"model": "trello_boards.label", "pk": 79, "fields": {"board": 61, "label_title": "green", "label_custom_title": "", "date_created": "2023-10-03T20:20:03.442Z"}}, {"model": "trello_boards.label", "pk": 80, "fields": {"board": 61, "label_title": "yellow", "label_custom_title": "", "date_created": "2023-10-03T20:20:03.444Z"}}, {"model": "trello_boards.label", "pk": 81, "fields": {"board": 61, "label_title": "orange", "label_custom_title": "", "date_created": "2023-10-03T20:20:03.445Z"}}, {"model": "trello_boards.label", "pk": 82, "fields": {"board": 61, "label_title": "red", "label_custom_title": "", "date_created": "2023-10-03T20:20:03.446Z"}}, {"model": "trello_boards.label", "pk": 83, "fields": {"board": 61, "label_title": "purple", "label_custom_title": "custom label", "date_created": "2023-10-03T20:20:03.447Z"}}, {"model": "trello_boards.label", "pk": 84, "fields": {"board": 61, "label_title": "blue", "label_custom_title": "", "date_created": "2023-10-03T20:20:03.449Z"}}, {"model": "trello_boards.label", "pk": 85, "fields": {"board": 62, "label_title": "green", "label_custom_title": "", "date_created": "2023-10-10T18:52:27.486Z"}}, {"model": "trello_boards.label", "pk": 86, "fields": {"board": 62, "label_title": "yellow", "label_custom_title": "", "date_created": "2023-10-10T18:52:27.488Z"}}, {"model": "trello_boards.label", "pk": 87, "fields": {"board": 62, "label_title": "orange", "label_custom_title": "", "date_created": "2023-10-10T18:52:27.489Z"}}, {"model": "trello_boards.label", "pk": 88, "fields": {"board": 62, "label_title": "red", "label_custom_title": "", "date_created": "2023-10-10T18:52:27.491Z"}}, {"model": "trello_boards.label", "pk": 89, "fields": {"board": 62, "label_title": "purple", "label_custom_title": "", "date_created": "2023-10-10T18:52:27.492Z"}}, {"model": "trello_boards.label", "pk": 90, "fields": {"board": 62, "label_title": "blue", "label_custom_title": "", "date_created": "2023-10-10T18:52:27.494Z"}}, {"model": "trello_boards.label", "pk": 91, "fields": {"board": 63, "label_title": "green", "label_custom_title": "Test label", "date_created": "2024-02-02T20:15:15.915Z"}}, {"model": "trello_boards.label", "pk": 92, "fields": {"board": 63, "label_title": "yellow", "label_custom_title": "", "date_created": "2024-02-02T20:15:15.916Z"}}, {"model": "trello_boards.label", "pk": 93, "fields": {"board": 63, "label_title": "orange", "label_custom_title": "", "date_created": "2024-02-02T20:15:15.918Z"}}, {"model": "trello_boards.label", "pk": 94, "fields": {"board": 63, "label_title": "red", "label_custom_title": "", "date_created": "2024-02-02T20:15:15.920Z"}}, {"model": "trello_boards.label", "pk": 95, "fields": {"board": 63, "label_title": "purple", "label_custom_title": "", "date_created": "2024-02-02T20:15:15.923Z"}}, {"model": "trello_boards.label", "pk": 96, "fields": {"board": 63, "label_title": "blue", "label_custom_title": "", "date_created": "2024-02-02T20:15:15.924Z"}}, {"model": "trello_boards.label", "pk": 115, "fields": {"board": 67, "label_title": "green", "label_custom_title": "custom label", "date_created": "2024-02-02T20:30:30.147Z"}}, {"model": "trello_boards.label", "pk": 116, "fields": {"board": 67, "label_title": "yellow", "label_custom_title": "", "date_created": "2024-02-02T20:30:30.149Z"}}, {"model": "trello_boards.label", "pk": 117, "fields": {"board": 67, "label_title": "orange", "label_custom_title": "", "date_created": "2024-02-02T20:30:30.150Z"}}, {"model": "trello_boards.label", "pk": 118, "fields": {"board": 67, "label_title": "red", "label_custom_title": "", "date_created": "2024-02-02T20:30:30.151Z"}}, {"model": "trello_boards.label", "pk": 119, "fields": {"board": 67, "label_title": "purple", "label_custom_title": "", "date_created": "2024-02-02T20:30:30.153Z"}}, {"model": "trello_boards.label", "pk": 120, "fields": {"board": 67, "label_title": "blue", "label_custom_title": "", "date_created": "2024-02-02T20:30:30.154Z"}}, {"model": "trello_boards.cardlabel", "pk": 38, "fields": {"card": 54, "label": 34, "date_created": "2022-07-20T19:24:49.476Z"}}, {"model": "trello_boards.cardlabel", "pk": 43, "fields": {"card": 53, "label": 36, "date_created": "2022-07-20T19:27:36.956Z"}}, {"model": "trello_boards.cardlabel", "pk": 56, "fields": {"card": 55, "label": 32, "date_created": "2022-07-20T20:06:28.463Z"}}, {"model": "trello_boards.cardlabel", "pk": 57, "fields": {"card": 55, "label": 33, "date_created": "2022-07-20T20:06:30.282Z"}}, {"model": "trello_boards.cardlabel", "pk": 63, "fields": {"card": 54, "label": 31, "date_created": "2022-07-20T20:09:36.077Z"}}, {"model": "trello_boards.cardlabel", "pk": 65, "fields": {"card": 53, "label": 34, "date_created": "2022-07-20T20:10:02.701Z"}}, {"model": "trello_boards.cardlabel", "pk": 66, "fields": {"card": 53, "label": 33, "date_created": "2022-07-20T20:10:03.563Z"}}, {"model": "trello_boards.cardlabel", "pk": 67, "fields": {"card": 53, "label": 31, "date_created": "2022-07-20T20:10:04.511Z"}}, {"model": "trello_boards.cardlabel", "pk": 78, "fields": {"card": 56, "label": 36, "date_created": "2023-09-27T15:49:56.451Z"}}, {"model": "trello_boards.cardlabel", "pk": 81, "fields": {"card": 74, "label": 80, "date_created": "2023-10-03T20:23:46.417Z"}}, {"model": "trello_boards.cardlabel", "pk": 82, "fields": {"card": 74, "label": 82, "date_created": "2023-10-03T20:23:48.119Z"}}, {"model": "trello_boards.cardlabel", "pk": 84, "fields": {"card": 75, "label": 83, "date_created": "2023-10-03T20:24:19.489Z"}}, {"model": "trello_boards.cardlabel", "pk": 85, "fields": {"card": 88, "label": 91, "date_created": "2024-02-02T20:16:03.583Z"}}, {"model": "trello_boards.cardlabel", "pk": 88, "fields": {"card": 101, "label": 115, "date_created": "2024-02-02T20:30:48.912Z"}}, {"model": "trello_boards.cardmembership", "pk": 113, "fields": {"card": 54, "member": 1, "date_created": "2023-09-27T15:50:08.485Z"}}, {"model": "trello_boards.cardmembership", "pk": 115, "fields": {"card": 53, "member": 1, "date_created": "2023-09-29T21:16:32.856Z"}}, {"model": "trello_boards.cardmembership", "pk": 116, "fields": {"card": 55, "member": 1, "date_created": "2023-10-02T18:43:54.834Z"}}, {"model": "trello_boards.cardmembership", "pk": 117, "fields": {"card": 73, "member": 15, "date_created": "2023-10-03T20:23:29.763Z"}}, {"model": "trello_boards.cardmembership", "pk": 118, "fields": {"card": 75, "member": 15, "date_created": "2023-10-03T20:24:12.820Z"}}, {"model": "trello_boards.cardmembership", "pk": 120, "fields": {"card": 87, "member": 1, "date_created": "2024-02-02T20:15:47.028Z"}}, {"model": "trello_boards.cardmembership", "pk": 123, "fields": {"card": 100, "member": 15, "date_created": "2024-02-02T20:30:40.044Z"}}, {"model": "trello_boards.cardmembership", "pk": 124, "fields": {"card": 103, "member": 15, "date_created": "2024-02-02T21:32:56.039Z"}}, {"model": "trello_boards.cardmembership", "pk": 125, "fields": {"card": 102, "member": 15, "date_created": "2024-02-02T21:33:29.587Z"}}, {"model": "admin.logentry", "pk": 1, "fields": {"action_time": "2022-06-09T19:01:32.216Z", "user": 1, "content_type": 7, "object_id": "1", "object_repr": "Housework", "action_flag": 1, "change_message": "[{\"added\": {}}]"}}, {"model": "admin.logentry", "pk": 2, "fields": {"action_time": "2022-06-09T19:02:01.521Z", "user": 1, "content_type": 9, "object_id": "1", "object_repr": "To Do", "action_flag": 1, "change_message": "[{\"added\": {}}]"}}, {"model": "admin.logentry", "pk": 3, "fields": {"action_time": "2022-06-09T22:37:08.996Z", "user": 1, "content_type": 4, "object_id": "3", "object_repr": "evie1", "action_flag": 3, "change_message": ""}}, {"model": "admin.logentry", "pk": 4, "fields": {"action_time": "2022-06-09T22:37:08.999Z", "user": 1, "content_type": 4, "object_id": "4", "object_repr": "evie2", "action_flag": 3, "change_message": ""}}, {"model": "admin.logentry", "pk": 5, "fields": {"action_time": "2022-06-09T22:37:09.001Z", "user": 1, "content_type": 4, "object_id": "5", "object_repr": "evie3", "action_flag": 3, "change_message": ""}}, {"model": "admin.logentry", "pk": 6, "fields": {"action_time": "2022-06-09T22:37:09.003Z", "user": 1, "content_type": 4, "object_id": "6", "object_repr": "evie4", "action_flag": 3, "change_message": ""}}, {"model": "admin.logentry", "pk": 7, "fields": {"action_time": "2022-06-09T22:37:09.004Z", "user": 1, "content_type": 4, "object_id": "7", "object_repr": "evie5", "action_flag": 3, "change_message": ""}}, {"model": "admin.logentry", "pk": 8, "fields": {"action_time": "2022-06-10T22:06:14.325Z", "user": 1, "content_type": 13, "object_id": "1", "object_repr": "card 1 evie", "action_flag": 1, "change_message": "[{\"added\": {}}]"}}, {"model": "admin.logentry", "pk": 9, "fields": {"action_time": "2022-06-10T22:07:01.224Z", "user": 1, "content_type": 13, "object_id": "1", "object_repr": "card 1 evie", "action_flag": 3, "change_message": ""}}, {"model": "admin.logentry", "pk": 10, "fields": {"action_time": "2022-06-10T22:07:07.874Z", "user": 1, "content_type": 13, "object_id": "2", "object_repr": "card 1 evie", "action_flag": 1, "change_message": "[{\"added\": {}}]"}}, {"model": "admin.logentry", "pk": 11, "fields": {"action_time": "2022-06-14T18:46:57.363Z", "user": 1, "content_type": 8, "object_id": "8", "object_repr": "", "action_flag": 3, "change_message": ""}}, {"model": "admin.logentry", "pk": 12, "fields": {"action_time": "2022-06-14T18:46:57.365Z", "user": 1, "content_type": 8, "object_id": "7", "object_repr": "card 7", "action_flag": 3, "change_message": ""}}, {"model": "admin.logentry", "pk": 13, "fields": {"action_time": "2022-06-14T18:46:57.366Z", "user": 1, "content_type": 8, "object_id": "6", "object_repr": "card 6", "action_flag": 3, "change_message": ""}}, {"model": "admin.logentry", "pk": 14, "fields": {"action_time": "2022-06-14T18:46:57.368Z", "user": 1, "content_type": 8, "object_id": "5", "object_repr": "card 5", "action_flag": 3, "change_message": ""}}, {"model": "admin.logentry", "pk": 15, "fields": {"action_time": "2022-06-14T18:46:57.369Z", "user": 1, "content_type": 8, "object_id": "4", "object_repr": "card 4", "action_flag": 3, "change_message": ""}}, {"model": "admin.logentry", "pk": 16, "fields": {"action_time": "2022-06-14T18:46:57.370Z", "user": 1, "content_type": 8, "object_id": "3", "object_repr": "card 3\r\n", "action_flag": 3, "change_message": ""}}, {"model": "admin.logentry", "pk": 17, "fields": {"action_time": "2022-06-14T18:46:57.372Z", "user": 1, "content_type": 8, "object_id": "2", "object_repr": "card 2", "action_flag": 3, "change_message": ""}}, {"model": "admin.logentry", "pk": 18, "fields": {"action_time": "2022-06-14T18:46:57.373Z", "user": 1, "content_type": 8, "object_id": "1", "object_repr": "card 1", "action_flag": 3, "change_message": ""}}, {"model": "admin.logentry", "pk": 19, "fields": {"action_time": "2022-06-14T19:53:48.901Z", "user": 1, "content_type": 9, "object_id": "3", "object_repr": "To do ", "action_flag": 3, "change_message": ""}}, {"model": "admin.logentry", "pk": 20, "fields": {"action_time": "2022-06-14T19:53:48.903Z", "user": 1, "content_type": 9, "object_id": "2", "object_repr": "test1", "action_flag": 3, "change_message": ""}}, {"model": "admin.logentry", "pk": 21, "fields": {"action_time": "2022-06-14T19:53:48.906Z", "user": 1, "content_type": 9, "object_id": "1", "object_repr": "To Do", "action_flag": 3, "change_message": ""}}, {"model": "admin.logentry", "pk": 22, "fields": {"action_time": "2022-06-14T20:03:54.431Z", "user": 1, "content_type": 7, "object_id": "1", "object_repr": "Housework", "action_flag": 2, "change_message": "[{\"changed\": {\"fields\": [\"List order\"]}}]"}}, {"model": "admin.logentry", "pk": 23, "fields": {"action_time": "2022-06-14T20:10:19.931Z", "user": 1, "content_type": 8, "object_id": "14", "object_repr": "card 1", "action_flag": 2, "change_message": "[{\"changed\": {\"fields\": [\"Due date completed\"]}}]"}}, {"model": "admin.logentry", "pk": 24, "fields": {"action_time": "2022-06-16T17:33:48.168Z", "user": 1, "content_type": 7, "object_id": "2", "object_repr": "Project X", "action_flag": 1, "change_message": "[{\"added\": {}}]"}}, {"model": "admin.logentry", "pk": 25, "fields": {"action_time": "2022-06-17T17:17:48.010Z", "user": 1, "content_type": 7, "object_id": "4", "object_repr": "ji", "action_flag": 3, "change_message": ""}}, {"model": "admin.logentry", "pk": 26, "fields": {"action_time": "2022-06-17T17:17:48.012Z", "user": 1, "content_type": 7, "object_id": "3", "object_repr": "", "action_flag": 3, "change_message": ""}}, {"model": "admin.logentry", "pk": 27, "fields": {"action_time": "2022-06-17T18:20:53.848Z", "user": 1, "content_type": 8, "object_id": "21", "object_repr": "card 2", "action_flag": 3, "change_message": ""}}, {"model": "admin.logentry", "pk": 28, "fields": {"action_time": "2022-06-17T18:20:53.850Z", "user": 1, "content_type": 8, "object_id": "20", "object_repr": "card 1", "action_flag": 3, "change_message": ""}}, {"model": "admin.logentry", "pk": 29, "fields": {"action_time": "2022-06-17T18:20:53.852Z", "user": 1, "content_type": 8, "object_id": "19", "object_repr": "card 1", "action_flag": 3, "change_message": ""}}, {"model": "admin.logentry", "pk": 30, "fields": {"action_time": "2022-06-17T18:20:53.853Z", "user": 1, "content_type": 8, "object_id": "18", "object_repr": "frfr", "action_flag": 3, "change_message": ""}}, {"model": "admin.logentry", "pk": 31, "fields": {"action_time": "2022-06-17T18:20:53.854Z", "user": 1, "content_type": 8, "object_id": "17", "object_repr": "f", "action_flag": 3, "change_message": ""}}, {"model": "admin.logentry", "pk": 32, "fields": {"action_time": "2022-06-17T18:20:53.856Z", "user": 1, "content_type": 8, "object_id": "13", "object_repr": "card 3", "action_flag": 3, "change_message": ""}}, {"model": "admin.logentry", "pk": 33, "fields": {"action_time": "2022-06-17T18:21:03.419Z", "user": 1, "content_type": 7, "object_id": "9", "object_repr": "r", "action_flag": 3, "change_message": ""}}, {"model": "admin.logentry", "pk": 34, "fields": {"action_time": "2022-06-17T18:21:03.422Z", "user": 1, "content_type": 7, "object_id": "8", "object_repr": "w", "action_flag": 3, "change_message": ""}}, {"model": "admin.logentry", "pk": 35, "fields": {"action_time": "2022-06-17T18:21:03.424Z", "user": 1, "content_type": 7, "object_id": "7", "object_repr": "q", "action_flag": 3, "change_message": ""}}, {"model": "admin.logentry", "pk": 36, "fields": {"action_time": "2022-06-17T18:21:03.425Z", "user": 1, "content_type": 7, "object_id": "6", "object_repr": "t", "action_flag": 3, "change_message": ""}}, {"model": "admin.logentry", "pk": 37, "fields": {"action_time": "2022-06-17T18:21:03.427Z", "user": 1, "content_type": 7, "object_id": "5", "object_repr": "y", "action_flag": 3, "change_message": ""}}, {"model": "admin.logentry", "pk": 38, "fields": {"action_time": "2022-06-17T18:21:15.518Z", "user": 1, "content_type": 9, "object_id": "12", "object_repr": "list 3", "action_flag": 3, "change_message": ""}}, {"model": "admin.logentry", "pk": 39, "fields": {"action_time": "2022-06-17T18:21:15.521Z", "user": 1, "content_type": 9, "object_id": "11", "object_repr": "list 3", "action_flag": 3, "change_message": ""}}, {"model": "admin.logentry", "pk": 40, "fields": {"action_time": "2022-06-17T18:21:15.522Z", "user": 1, "content_type": 9, "object_id": "10", "object_repr": "list 2", "action_flag": 3, "change_message": ""}}, {"model": "admin.logentry", "pk": 41, "fields": {"action_time": "2022-06-17T18:21:15.524Z", "user": 1, "content_type": 9, "object_id": "9", "object_repr": "list", "action_flag": 3, "change_message": ""}}, {"model": "admin.logentry", "pk": 42, "fields": {"action_time": "2022-06-17T18:21:15.525Z", "user": 1, "content_type": 9, "object_id": "8", "object_repr": "test 2", "action_flag": 3, "change_message": ""}}, {"model": "admin.logentry", "pk": 43, "fields": {"action_time": "2022-06-17T18:21:15.526Z", "user": 1, "content_type": 9, "object_id": "7", "object_repr": "test 2", "action_flag": 3, "change_message": ""}}, {"model": "admin.logentry", "pk": 44, "fields": {"action_time": "2022-06-17T18:21:15.528Z", "user": 1, "content_type": 9, "object_id": "6", "object_repr": "test1", "action_flag": 3, "change_message": ""}}, {"model": "admin.logentry", "pk": 45, "fields": {"action_time": "2022-06-17T18:21:15.529Z", "user": 1, "content_type": 9, "object_id": "5", "object_repr": "to do ", "action_flag": 3, "change_message": ""}}, {"model": "admin.logentry", "pk": 46, "fields": {"action_time": "2022-06-17T18:21:15.531Z", "user": 1, "content_type": 9, "object_id": "4", "object_repr": "Backlog", "action_flag": 3, "change_message": ""}}, {"model": "admin.logentry", "pk": 47, "fields": {"action_time": "2022-06-17T18:39:39.412Z", "user": 1, "content_type": 9, "object_id": "13", "object_repr": "list", "action_flag": 1, "change_message": "[{\"added\": {}}]"}}, {"model": "admin.logentry", "pk": 48, "fields": {"action_time": "2022-06-17T18:59:02.423Z", "user": 1, "content_type": 7, "object_id": "1", "object_repr": "Housework", "action_flag": 2, "change_message": "[{\"changed\": {\"fields\": [\"List order\"]}}]"}}, {"model": "admin.logentry", "pk": 49, "fields": {"action_time": "2022-06-17T18:59:11.232Z", "user": 1, "content_type": 9, "object_id": "13", "object_repr": "list", "action_flag": 3, "change_message": ""}}, {"model": "admin.logentry", "pk": 50, "fields": {"action_time": "2022-06-17T19:09:44.301Z", "user": 1, "content_type": 9, "object_id": "18", "object_repr": "Backlog", "action_flag": 3, "change_message": ""}}, {"model": "admin.logentry", "pk": 51, "fields": {"action_time": "2022-06-17T19:09:44.304Z", "user": 1, "content_type": 9, "object_id": "17", "object_repr": "list b", "action_flag": 3, "change_message": ""}}, {"model": "admin.logentry", "pk": 52, "fields": {"action_time": "2022-06-17T19:09:44.305Z", "user": 1, "content_type": 9, "object_id": "16", "object_repr": "list a", "action_flag": 3, "change_message": ""}}, {"model": "admin.logentry", "pk": 53, "fields": {"action_time": "2022-06-17T19:09:44.307Z", "user": 1, "content_type": 9, "object_id": "15", "object_repr": "list 2", "action_flag": 3, "change_message": ""}}, {"model": "admin.logentry", "pk": 54, "fields": {"action_time": "2022-06-17T19:09:44.308Z", "user": 1, "content_type": 9, "object_id": "14", "object_repr": "list 1", "action_flag": 3, "change_message": ""}}, {"model": "admin.logentry", "pk": 55, "fields": {"action_time": "2022-06-17T19:10:42.758Z", "user": 1, "content_type": 9, "object_id": "19", "object_repr": "1", "action_flag": 3, "change_message": ""}}, {"model": "admin.logentry", "pk": 56, "fields": {"action_time": "2022-06-17T19:11:17.264Z", "user": 1, "content_type": 7, "object_id": "1", "object_repr": "Housework", "action_flag": 2, "change_message": "[{\"changed\": {\"fields\": [\"List order\"]}}]"}}, {"model": "admin.logentry", "pk": 57, "fields": {"action_time": "2022-06-17T19:11:23.785Z", "user": 1, "content_type": 7, "object_id": "2", "object_repr": "Project X", "action_flag": 2, "change_message": "[{\"changed\": {\"fields\": [\"List order\"]}}]"}}, {"model": "admin.logentry", "pk": 58, "fields": {"action_time": "2022-06-17T19:11:30.433Z", "user": 1, "content_type": 9, "object_id": "21", "object_repr": "test2", "action_flag": 3, "change_message": ""}}, {"model": "admin.logentry", "pk": 59, "fields": {"action_time": "2022-06-17T19:11:30.436Z", "user": 1, "content_type": 9, "object_id": "20", "object_repr": "test1", "action_flag": 3, "change_message": ""}}, {"model": "admin.logentry", "pk": 60, "fields": {"action_time": "2022-06-17T19:21:28.404Z", "user": 1, "content_type": 7, "object_id": "17", "object_repr": "jiji", "action_flag": 3, "change_message": ""}}, {"model": "admin.logentry", "pk": 61, "fields": {"action_time": "2022-06-17T19:21:28.406Z", "user": 1, "content_type": 7, "object_id": "16", "object_repr": "hh", "action_flag": 3, "change_message": ""}}, {"model": "admin.logentry", "pk": 62, "fields": {"action_time": "2022-06-17T19:21:28.408Z", "user": 1, "content_type": 7, "object_id": "15", "object_repr": "bb", "action_flag": 3, "change_message": ""}}, {"model": "admin.logentry", "pk": 63, "fields": {"action_time": "2022-06-17T19:21:28.410Z", "user": 1, "content_type": 7, "object_id": "14", "object_repr": "dd", "action_flag": 3, "change_message": ""}}, {"model": "admin.logentry", "pk": 64, "fields": {"action_time": "2022-06-17T19:21:28.411Z", "user": 1, "content_type": 7, "object_id": "13", "object_repr": "f", "action_flag": 3, "change_message": ""}}, {"model": "admin.logentry", "pk": 65, "fields": {"action_time": "2022-06-17T19:21:28.413Z", "user": 1, "content_type": 7, "object_id": "12", "object_repr": "r", "action_flag": 3, "change_message": ""}}, {"model": "admin.logentry", "pk": 66, "fields": {"action_time": "2022-06-17T19:21:28.414Z", "user": 1, "content_type": 7, "object_id": "11", "object_repr": "v", "action_flag": 3, "change_message": ""}}, {"model": "admin.logentry", "pk": 67, "fields": {"action_time": "2022-06-17T19:21:28.415Z", "user": 1, "content_type": 7, "object_id": "10", "object_repr": "b", "action_flag": 3, "change_message": ""}}, {"model": "admin.logentry", "pk": 68, "fields": {"action_time": "2022-06-21T22:22:17.235Z", "user": 1, "content_type": 14, "object_id": "1", "object_repr": "Housework evie1", "action_flag": 1, "change_message": "[{\"added\": {}}]"}}, {"model": "admin.logentry", "pk": 69, "fields": {"action_time": "2022-06-22T17:31:03.252Z", "user": 1, "content_type": 7, "object_id": "1", "object_repr": "Housework", "action_flag": 2, "change_message": "[{\"changed\": {\"fields\": [\"Background color\"]}}]"}}, {"model": "admin.logentry", "pk": 70, "fields": {"action_time": "2022-06-22T17:35:50.519Z", "user": 1, "content_type": 7, "object_id": "2", "object_repr": "Project X", "action_flag": 2, "change_message": "[{\"changed\": {\"fields\": [\"Background color\"]}}]"}}, {"model": "admin.logentry", "pk": 71, "fields": {"action_time": "2022-06-22T17:36:11.168Z", "user": 1, "content_type": 7, "object_id": "19", "object_repr": "Project O", "action_flag": 2, "change_message": "[{\"changed\": {\"fields\": [\"Background color\"]}}]"}}, {"model": "admin.logentry", "pk": 72, "fields": {"action_time": "2022-06-22T17:36:28.415Z", "user": 1, "content_type": 7, "object_id": "18", "object_repr": "Project Y", "action_flag": 2, "change_message": "[{\"changed\": {\"fields\": [\"Background color\"]}}]"}}, {"model": "admin.logentry", "pk": 73, "fields": {"action_time": "2022-06-22T19:21:30.876Z", "user": 1, "content_type": 7, "object_id": "29", "object_repr": "fff", "action_flag": 3, "change_message": ""}}, {"model": "admin.logentry", "pk": 74, "fields": {"action_time": "2022-06-22T19:21:30.879Z", "user": 1, "content_type": 7, "object_id": "28", "object_repr": "fff", "action_flag": 3, "change_message": ""}}, {"model": "admin.logentry", "pk": 75, "fields": {"action_time": "2022-06-22T19:21:30.881Z", "user": 1, "content_type": 7, "object_id": "27", "object_repr": "fff", "action_flag": 3, "change_message": ""}}, {"model": "admin.logentry", "pk": 76, "fields": {"action_time": "2022-06-22T19:21:30.883Z", "user": 1, "content_type": 7, "object_id": "26", "object_repr": "fff", "action_flag": 3, "change_message": ""}}, {"model": "admin.logentry", "pk": 77, "fields": {"action_time": "2022-06-22T19:21:30.885Z", "user": 1, "content_type": 7, "object_id": "25", "object_repr": "ff", "action_flag": 3, "change_message": ""}}, {"model": "admin.logentry", "pk": 78, "fields": {"action_time": "2022-06-22T19:21:30.887Z", "user": 1, "content_type": 7, "object_id": "24", "object_repr": "ff", "action_flag": 3, "change_message": ""}}, {"model": "admin.logentry", "pk": 79, "fields": {"action_time": "2022-06-22T19:21:30.889Z", "user": 1, "content_type": 7, "object_id": "23", "object_repr": "ff", "action_flag": 3, "change_message": ""}}, {"model": "admin.logentry", "pk": 80, "fields": {"action_time": "2022-06-22T19:21:30.890Z", "user": 1, "content_type": 7, "object_id": "22", "object_repr": "ff", "action_flag": 3, "change_message": ""}}, {"model": "admin.logentry", "pk": 81, "fields": {"action_time": "2022-06-22T19:21:30.892Z", "user": 1, "content_type": 7, "object_id": "21", "object_repr": "ff", "action_flag": 3, "change_message": ""}}, {"model": "admin.logentry", "pk": 82, "fields": {"action_time": "2022-06-22T19:21:30.893Z", "user": 1, "content_type": 7, "object_id": "20", "object_repr": "gg", "action_flag": 3, "change_message": ""}}, {"model": "admin.logentry", "pk": 83, "fields": {"action_time": "2022-06-22T19:54:51.905Z", "user": 1, "content_type": 7, "object_id": "37", "object_repr": "okokok", "action_flag": 3, "change_message": ""}}, {"model": "admin.logentry", "pk": 84, "fields": {"action_time": "2022-06-22T19:54:51.908Z", "user": 1, "content_type": 7, "object_id": "36", "object_repr": "okok", "action_flag": 3, "change_message": ""}}, {"model": "admin.logentry", "pk": 85, "fields": {"action_time": "2022-06-22T19:54:51.909Z", "user": 1, "content_type": 7, "object_id": "35", "object_repr": "ok", "action_flag": 3, "change_message": ""}}, {"model": "admin.logentry", "pk": 86, "fields": {"action_time": "2022-06-22T19:54:51.911Z", "user": 1, "content_type": 7, "object_id": "34", "object_repr": "qw", "action_flag": 3, "change_message": ""}}, {"model": "admin.logentry", "pk": 87, "fields": {"action_time": "2022-06-22T19:54:51.912Z", "user": 1, "content_type": 7, "object_id": "33", "object_repr": "ji", "action_flag": 3, "change_message": ""}}, {"model": "admin.logentry", "pk": 88, "fields": {"action_time": "2022-06-22T19:54:51.914Z", "user": 1, "content_type": 7, "object_id": "32", "object_repr": "o", "action_flag": 3, "change_message": ""}}, {"model": "admin.logentry", "pk": 89, "fields": {"action_time": "2022-06-22T19:54:51.915Z", "user": 1, "content_type": 7, "object_id": "31", "object_repr": "g", "action_flag": 3, "change_message": ""}}, {"model": "admin.logentry", "pk": 90, "fields": {"action_time": "2022-06-22T19:54:51.916Z", "user": 1, "content_type": 7, "object_id": "30", "object_repr": "f", "action_flag": 3, "change_message": ""}}, {"model": "admin.logentry", "pk": 91, "fields": {"action_time": "2022-06-24T15:20:11.947Z", "user": 1, "content_type": 14, "object_id": "2", "object_repr": "Housework evie12", "action_flag": 1, "change_message": "[{\"added\": {}}]"}}, {"model": "admin.logentry", "pk": 92, "fields": {"action_time": "2022-06-24T16:24:07.865Z", "user": 1, "content_type": 14, "object_id": "2", "object_repr": "Housework evie12", "action_flag": 2, "change_message": "[{\"changed\": {\"fields\": [\"Background color code\"]}}]"}}, {"model": "admin.logentry", "pk": 93, "fields": {"action_time": "2022-07-19T20:05:47.378Z", "user": 1, "content_type": 12, "object_id": "33", "object_repr": "label_orange", "action_flag": 2, "change_message": "[{\"changed\": {\"fields\": [\"Label custom title\"]}}]"}}, {"model": "admin.logentry", "pk": 94, "fields": {"action_time": "2022-07-19T20:11:41.976Z", "user": 1, "content_type": 12, "object_id": "33", "object_repr": "label_orange", "action_flag": 3, "change_message": ""}}, {"model": "admin.logentry", "pk": 95, "fields": {"action_time": "2022-07-19T20:11:41.979Z", "user": 1, "content_type": 12, "object_id": "32", "object_repr": "label_yellow", "action_flag": 3, "change_message": ""}}, {"model": "admin.logentry", "pk": 96, "fields": {"action_time": "2022-07-19T20:11:41.980Z", "user": 1, "content_type": 12, "object_id": "31", "object_repr": "label_green", "action_flag": 3, "change_message": ""}}, {"model": "admin.logentry", "pk": 97, "fields": {"action_time": "2022-07-19T20:11:41.982Z", "user": 1, "content_type": 12, "object_id": "30", "object_repr": "label_green", "action_flag": 3, "change_message": ""}}, {"model": "admin.logentry", "pk": 98, "fields": {"action_time": "2022-07-19T20:11:41.983Z", "user": 1, "content_type": 12, "object_id": "29", "object_repr": "label_red", "action_flag": 3, "change_message": ""}}, {"model": "admin.logentry", "pk": 99, "fields": {"action_time": "2022-07-19T20:11:41.985Z", "user": 1, "content_type": 12, "object_id": "28", "object_repr": "label_orange", "action_flag": 3, "change_message": ""}}, {"model": "admin.logentry", "pk": 100, "fields": {"action_time": "2022-07-19T20:11:41.986Z", "user": 1, "content_type": 12, "object_id": "27", "object_repr": "label_green", "action_flag": 3, "change_message": ""}}, {"model": "admin.logentry", "pk": 101, "fields": {"action_time": "2022-07-19T20:11:41.988Z", "user": 1, "content_type": 12, "object_id": "26", "object_repr": "label_red", "action_flag": 3, "change_message": ""}}, {"model": "admin.logentry", "pk": 102, "fields": {"action_time": "2022-07-19T20:11:41.989Z", "user": 1, "content_type": 12, "object_id": "25", "object_repr": "label_orange", "action_flag": 3, "change_message": ""}}, {"model": "admin.logentry", "pk": 103, "fields": {"action_time": "2022-07-19T20:11:41.992Z", "user": 1, "content_type": 12, "object_id": "24", "object_repr": "label_yellow", "action_flag": 3, "change_message": ""}}, {"model": "admin.logentry", "pk": 104, "fields": {"action_time": "2022-07-19T20:11:41.994Z", "user": 1, "content_type": 12, "object_id": "23", "object_repr": "label_green", "action_flag": 3, "change_message": ""}}, {"model": "admin.logentry", "pk": 105, "fields": {"action_time": "2022-07-19T20:11:41.995Z", "user": 1, "content_type": 12, "object_id": "22", "object_repr": "label_yellow", "action_flag": 3, "change_message": ""}}, {"model": "admin.logentry", "pk": 106, "fields": {"action_time": "2022-07-19T20:11:41.997Z", "user": 1, "content_type": 12, "object_id": "21", "object_repr": "label_green", "action_flag": 3, "change_message": ""}}, {"model": "admin.logentry", "pk": 107, "fields": {"action_time": "2022-07-19T20:21:09.662Z", "user": 1, "content_type": 12, "object_id": "34", "object_repr": "label_green", "action_flag": 3, "change_message": ""}}, {"model": "admin.logentry", "pk": 108, "fields": {"action_time": "2022-07-19T20:25:39.178Z", "user": 1, "content_type": 12, "object_id": "1", "object_repr": "label_green", "action_flag": 1, "change_message": "[{\"added\": {}}]"}}, {"model": "admin.logentry", "pk": 109, "fields": {"action_time": "2022-07-19T20:26:13.092Z", "user": 1, "content_type": 12, "object_id": "2", "object_repr": "label_yellow", "action_flag": 1, "change_message": "[{\"added\": {}}]"}}, {"model": "admin.logentry", "pk": 110, "fields": {"action_time": "2022-07-19T20:26:35.200Z", "user": 1, "content_type": 12, "object_id": "3", "object_repr": "label_orange", "action_flag": 1, "change_message": "[{\"added\": {}}]"}}, {"model": "admin.logentry", "pk": 111, "fields": {"action_time": "2022-07-19T20:26:48.262Z", "user": 1, "content_type": 12, "object_id": "4", "object_repr": "label_red", "action_flag": 1, "change_message": "[{\"added\": {}}]"}}, {"model": "admin.logentry", "pk": 112, "fields": {"action_time": "2022-07-19T20:27:04.433Z", "user": 1, "content_type": 12, "object_id": "5", "object_repr": "label_purple", "action_flag": 1, "change_message": "[{\"added\": {}}]"}}, {"model": "admin.logentry", "pk": 113, "fields": {"action_time": "2022-07-19T20:27:16.954Z", "user": 1, "content_type": 12, "object_id": "6", "object_repr": "label_blue", "action_flag": 1, "change_message": "[{\"added\": {}}]"}}, {"model": "admin.logentry", "pk": 114, "fields": {"action_time": "2022-07-19T21:06:27.903Z", "user": 1, "content_type": 15, "object_id": "1", "object_repr": "first card label_green custom green label", "action_flag": 1, "change_message": "[{\"added\": {}}]"}}, {"model": "admin.logentry", "pk": 115, "fields": {"action_time": "2022-07-19T21:06:38.836Z", "user": 1, "content_type": 15, "object_id": "2", "object_repr": "first card label_purple ", "action_flag": 1, "change_message": "[{\"added\": {}}]"}}, {"model": "admin.logentry", "pk": 116, "fields": {"action_time": "2022-07-19T21:23:55.388Z", "user": 1, "content_type": 12, "object_id": "6", "object_repr": "blue", "action_flag": 2, "change_message": "[{\"changed\": {\"fields\": [\"Label title\"]}}]"}}, {"model": "admin.logentry", "pk": 117, "fields": {"action_time": "2022-07-19T21:24:01.705Z", "user": 1, "content_type": 12, "object_id": "5", "object_repr": "purple", "action_flag": 2, "change_message": "[{\"changed\": {\"fields\": [\"Label title\"]}}]"}}, {"model": "admin.logentry", "pk": 118, "fields": {"action_time": "2022-07-19T21:24:07.129Z", "user": 1, "content_type": 12, "object_id": "4", "object_repr": "red", "action_flag": 2, "change_message": "[{\"changed\": {\"fields\": [\"Label title\"]}}]"}}, {"model": "admin.logentry", "pk": 119, "fields": {"action_time": "2022-07-19T21:24:12.413Z", "user": 1, "content_type": 12, "object_id": "3", "object_repr": "orange", "action_flag": 2, "change_message": "[{\"changed\": {\"fields\": [\"Label title\"]}}]"}}, {"model": "admin.logentry", "pk": 120, "fields": {"action_time": "2022-07-19T21:24:18.359Z", "user": 1, "content_type": 12, "object_id": "2", "object_repr": "yellow", "action_flag": 2, "change_message": "[{\"changed\": {\"fields\": [\"Label title\"]}}]"}}, {"model": "admin.logentry", "pk": 121, "fields": {"action_time": "2022-07-19T21:24:23.710Z", "user": 1, "content_type": 12, "object_id": "1", "object_repr": "green", "action_flag": 2, "change_message": "[{\"changed\": {\"fields\": [\"Label title\"]}}]"}}, {"model": "admin.logentry", "pk": 122, "fields": {"action_time": "2022-07-20T19:11:50.536Z", "user": 1, "content_type": 7, "object_id": "52", "object_repr": "test 4", "action_flag": 3, "change_message": ""}}, {"model": "admin.logentry", "pk": 123, "fields": {"action_time": "2022-07-20T19:11:50.539Z", "user": 1, "content_type": 7, "object_id": "51", "object_repr": "test 4", "action_flag": 3, "change_message": ""}}, {"model": "admin.logentry", "pk": 124, "fields": {"action_time": "2022-07-20T19:11:50.542Z", "user": 1, "content_type": 7, "object_id": "50", "object_repr": "test 3", "action_flag": 3, "change_message": ""}}, {"model": "admin.logentry", "pk": 125, "fields": {"action_time": "2022-07-20T19:11:50.543Z", "user": 1, "content_type": 7, "object_id": "49", "object_repr": "3rd board", "action_flag": 3, "change_message": ""}}, {"model": "admin.logentry", "pk": 126, "fields": {"action_time": "2022-07-20T19:11:50.545Z", "user": 1, "content_type": 7, "object_id": "48", "object_repr": "another board", "action_flag": 3, "change_message": ""}}, {"model": "admin.logentry", "pk": 127, "fields": {"action_time": "2022-07-20T19:11:50.546Z", "user": 1, "content_type": 7, "object_id": "47", "object_repr": "first board", "action_flag": 3, "change_message": ""}}, {"model": "admin.logentry", "pk": 128, "fields": {"action_time": "2022-07-20T19:11:50.548Z", "user": 1, "content_type": 7, "object_id": "46", "object_repr": "test board", "action_flag": 3, "change_message": ""}}, {"model": "admin.logentry", "pk": 129, "fields": {"action_time": "2022-07-20T19:11:50.549Z", "user": 1, "content_type": 7, "object_id": "45", "object_repr": "test 2", "action_flag": 3, "change_message": ""}}, {"model": "admin.logentry", "pk": 130, "fields": {"action_time": "2022-07-20T19:11:50.551Z", "user": 1, "content_type": 7, "object_id": "44", "object_repr": "test ", "action_flag": 3, "change_message": ""}}, {"model": "admin.logentry", "pk": 131, "fields": {"action_time": "2022-07-20T19:11:50.552Z", "user": 1, "content_type": 7, "object_id": "43", "object_repr": "test 2", "action_flag": 3, "change_message": ""}}, {"model": "admin.logentry", "pk": 132, "fields": {"action_time": "2022-07-20T19:11:50.554Z", "user": 1, "content_type": 7, "object_id": "42", "object_repr": "test", "action_flag": 3, "change_message": ""}}, {"model": "admin.logentry", "pk": 133, "fields": {"action_time": "2022-07-20T19:11:50.555Z", "user": 1, "content_type": 7, "object_id": "41", "object_repr": "foo", "action_flag": 3, "change_message": ""}}, {"model": "admin.logentry", "pk": 134, "fields": {"action_time": "2022-07-20T19:11:50.556Z", "user": 1, "content_type": 7, "object_id": "40", "object_repr": "foo", "action_flag": 3, "change_message": ""}}, {"model": "admin.logentry", "pk": 135, "fields": {"action_time": "2022-07-20T19:11:50.558Z", "user": 1, "content_type": 7, "object_id": "39", "object_repr": "okok", "action_flag": 3, "change_message": ""}}, {"model": "admin.logentry", "pk": 136, "fields": {"action_time": "2022-07-20T19:11:50.559Z", "user": 1, "content_type": 7, "object_id": "38", "object_repr": "ok", "action_flag": 3, "change_message": ""}}, {"model": "admin.logentry", "pk": 137, "fields": {"action_time": "2022-07-20T19:11:50.561Z", "user": 1, "content_type": 7, "object_id": "19", "object_repr": "Project O", "action_flag": 3, "change_message": ""}}, {"model": "admin.logentry", "pk": 138, "fields": {"action_time": "2022-07-20T19:11:50.562Z", "user": 1, "content_type": 7, "object_id": "18", "object_repr": "Project Y", "action_flag": 3, "change_message": ""}}, {"model": "admin.logentry", "pk": 139, "fields": {"action_time": "2022-07-20T19:11:50.563Z", "user": 1, "content_type": 7, "object_id": "2", "object_repr": "Project X", "action_flag": 3, "change_message": ""}}, {"model": "admin.logentry", "pk": 140, "fields": {"action_time": "2022-07-20T19:11:50.565Z", "user": 1, "content_type": 7, "object_id": "1", "object_repr": "Housework", "action_flag": 3, "change_message": ""}}, {"model": "auth.permission", "pk": 1, "fields": {"name": "Can add log entry", "content_type": 1, "codename": "add_logentry"}}, {"model": "auth.permission", "pk": 2, "fields": {"name": "Can change log entry", "content_type": 1, "codename": "change_logentry"}}, {"model": "auth.permission", "pk": 3, "fields": {"name": "Can delete log entry", "content_type": 1, "codename": "delete_logentry"}}, {"model": "auth.permission", "pk": 4, "fields": {"name": "Can view log entry", "content_type": 1, "codename": "view_logentry"}}, {"model": "auth.permission", "pk": 5, "fields": {"name": "Can add permission", "content_type": 2, "codename": "add_permission"}}, {"model": "auth.permission", "pk": 6, "fields": {"name": "Can change permission", "content_type": 2, "codename": "change_permission"}}, {"model": "auth.permission", "pk": 7, "fields": {"name": "Can delete permission", "content_type": 2, "codename": "delete_permission"}}, {"model": "auth.permission", "pk": 8, "fields": {"name": "Can view permission", "content_type": 2, "codename": "view_permission"}}, {"model": "auth.permission", "pk": 9, "fields": {"name": "Can add group", "content_type": 3, "codename": "add_group"}}, {"model": "auth.permission", "pk": 10, "fields": {"name": "Can change group", "content_type": 3, "codename": "change_group"}}, {"model": "auth.permission", "pk": 11, "fields": {"name": "Can delete group", "content_type": 3, "codename": "delete_group"}}, {"model": "auth.permission", "pk": 12, "fields": {"name": "Can view group", "content_type": 3, "codename": "view_group"}}, {"model": "auth.permission", "pk": 13, "fields": {"name": "Can add user", "content_type": 4, "codename": "add_user"}}, {"model": "auth.permission", "pk": 14, "fields": {"name": "Can change user", "content_type": 4, "codename": "change_user"}}, {"model": "auth.permission", "pk": 15, "fields": {"name": "Can delete user", "content_type": 4, "codename": "delete_user"}}, {"model": "auth.permission", "pk": 16, "fields": {"name": "Can view user", "content_type": 4, "codename": "view_user"}}, {"model": "auth.permission", "pk": 17, "fields": {"name": "Can add content type", "content_type": 5, "codename": "add_contenttype"}}, {"model": "auth.permission", "pk": 18, "fields": {"name": "Can change content type", "content_type": 5, "codename": "change_contenttype"}}, {"model": "auth.permission", "pk": 19, "fields": {"name": "Can delete content type", "content_type": 5, "codename": "delete_contenttype"}}, {"model": "auth.permission", "pk": 20, "fields": {"name": "Can view content type", "content_type": 5, "codename": "view_contenttype"}}, {"model": "auth.permission", "pk": 21, "fields": {"name": "Can add session", "content_type": 6, "codename": "add_session"}}, {"model": "auth.permission", "pk": 22, "fields": {"name": "Can change session", "content_type": 6, "codename": "change_session"}}, {"model": "auth.permission", "pk": 23, "fields": {"name": "Can delete session", "content_type": 6, "codename": "delete_session"}}, {"model": "auth.permission", "pk": 24, "fields": {"name": "Can view session", "content_type": 6, "codename": "view_session"}}, {"model": "auth.permission", "pk": 25, "fields": {"name": "Can add board", "content_type": 7, "codename": "add_board"}}, {"model": "auth.permission", "pk": 26, "fields": {"name": "Can change board", "content_type": 7, "codename": "change_board"}}, {"model": "auth.permission", "pk": 27, "fields": {"name": "Can delete board", "content_type": 7, "codename": "delete_board"}}, {"model": "auth.permission", "pk": 28, "fields": {"name": "Can view board", "content_type": 7, "codename": "view_board"}}, {"model": "auth.permission", "pk": 29, "fields": {"name": "Can add card", "content_type": 8, "codename": "add_card"}}, {"model": "auth.permission", "pk": 30, "fields": {"name": "Can change card", "content_type": 8, "codename": "change_card"}}, {"model": "auth.permission", "pk": 31, "fields": {"name": "Can delete card", "content_type": 8, "codename": "delete_card"}}, {"model": "auth.permission", "pk": 32, "fields": {"name": "Can view card", "content_type": 8, "codename": "view_card"}}, {"model": "auth.permission", "pk": 33, "fields": {"name": "Can add list", "content_type": 9, "codename": "add_list"}}, {"model": "auth.permission", "pk": 34, "fields": {"name": "Can change list", "content_type": 9, "codename": "change_list"}}, {"model": "auth.permission", "pk": 35, "fields": {"name": "Can delete list", "content_type": 9, "codename": "delete_list"}}, {"model": "auth.permission", "pk": 36, "fields": {"name": "Can view list", "content_type": 9, "codename": "view_list"}}, {"model": "auth.permission", "pk": 37, "fields": {"name": "Can add checklist", "content_type": 10, "codename": "add_checklist"}}, {"model": "auth.permission", "pk": 38, "fields": {"name": "Can change checklist", "content_type": 10, "codename": "change_checklist"}}, {"model": "auth.permission", "pk": 39, "fields": {"name": "Can delete checklist", "content_type": 10, "codename": "delete_checklist"}}, {"model": "auth.permission", "pk": 40, "fields": {"name": "Can view checklist", "content_type": 10, "codename": "view_checklist"}}, {"model": "auth.permission", "pk": 41, "fields": {"name": "Can add checklist item", "content_type": 11, "codename": "add_checklistitem"}}, {"model": "auth.permission", "pk": 42, "fields": {"name": "Can change checklist item", "content_type": 11, "codename": "change_checklistitem"}}, {"model": "auth.permission", "pk": 43, "fields": {"name": "Can delete checklist item", "content_type": 11, "codename": "delete_checklistitem"}}, {"model": "auth.permission", "pk": 44, "fields": {"name": "Can view checklist item", "content_type": 11, "codename": "view_checklistitem"}}, {"model": "auth.permission", "pk": 45, "fields": {"name": "Can add label", "content_type": 12, "codename": "add_label"}}, {"model": "auth.permission", "pk": 46, "fields": {"name": "Can change label", "content_type": 12, "codename": "change_label"}}, {"model": "auth.permission", "pk": 47, "fields": {"name": "Can delete label", "content_type": 12, "codename": "delete_label"}}, {"model": "auth.permission", "pk": 48, "fields": {"name": "Can view label", "content_type": 12, "codename": "view_label"}}, {"model": "auth.permission", "pk": 49, "fields": {"name": "Can add card membershipt", "content_type": 13, "codename": "add_cardmembershipt"}}, {"model": "auth.permission", "pk": 50, "fields": {"name": "Can change card membershipt", "content_type": 13, "codename": "change_cardmembershipt"}}, {"model": "auth.permission", "pk": 51, "fields": {"name": "Can delete card membershipt", "content_type": 13, "codename": "delete_cardmembershipt"}}, {"model": "auth.permission", "pk": 52, "fields": {"name": "Can view card membershipt", "content_type": 13, "codename": "view_cardmembershipt"}}, {"model": "auth.permission", "pk": 53, "fields": {"name": "Can add card membership", "content_type": 13, "codename": "add_cardmembership"}}, {"model": "auth.permission", "pk": 54, "fields": {"name": "Can change card membership", "content_type": 13, "codename": "change_cardmembership"}}, {"model": "auth.permission", "pk": 55, "fields": {"name": "Can delete card membership", "content_type": 13, "codename": "delete_cardmembership"}}, {"model": "auth.permission", "pk": 56, "fields": {"name": "Can view card membership", "content_type": 13, "codename": "view_cardmembership"}}, {"model": "auth.permission", "pk": 57, "fields": {"name": "Can add board membership", "content_type": 14, "codename": "add_boardmembership"}}, {"model": "auth.permission", "pk": 58, "fields": {"name": "Can change board membership", "content_type": 14, "codename": "change_boardmembership"}}, {"model": "auth.permission", "pk": 59, "fields": {"name": "Can delete board membership", "content_type": 14, "codename": "delete_boardmembership"}}, {"model": "auth.permission", "pk": 60, "fields": {"name": "Can view board membership", "content_type": 14, "codename": "view_boardmembership"}}, {"model": "auth.permission", "pk": 61, "fields": {"name": "Can add card label", "content_type": 15, "codename": "add_cardlabel"}}, {"model": "auth.permission", "pk": 62, "fields": {"name": "Can change card label", "content_type": 15, "codename": "change_cardlabel"}}, {"model": "auth.permission", "pk": 63, "fields": {"name": "Can delete card label", "content_type": 15, "codename": "delete_cardlabel"}}, {"model": "auth.permission", "pk": 64, "fields": {"name": "Can view card label", "content_type": 15, "codename": "view_cardlabel"}}, {"model": "auth.user", "pk": 1, "fields": {"password": "pbkdf2_sha256$320000$JRfhqHM6MGWcdEATgoPhiB$Hetbo29WJ+OpPDw1vFuVgqE7Qseq/XjaYAwwgUtFoyk=", "last_login": "2024-02-02T20:15:04.337Z", "is_superuser": true, "username": "evie", "first_name": "", "last_name": "", "email": "", "is_staff": true, "is_active": true, "date_joined": "2022-06-09T19:01:17.080Z", "groups": [], "user_permissions": []}}, {"model": "auth.user", "pk": 2, "fields": {"password": "pbkdf2_sha256$320000$PDEXBeFARbYLd9u6n1eNmp$WnL4Q6sRRcNmw/rHltkvOzqVxk08MBzX8FND1lbQzqI=", "last_login": "2022-07-20T18:54:58.067Z", "is_superuser": false, "username": "eviesong", "first_name": "", "last_name": "", "email": "", "is_staff": false, "is_active": true, "date_joined": "2022-06-09T20:27:05.091Z", "groups": [], "user_permissions": []}}, {"model": "auth.user", "pk": 8, "fields": {"password": "pbkdf2_sha256$320000$KBgt5sty9I9JtwBM2ivPxF$Wx4v/EfRRVAScZbuYnZv2g1S5OKfFKIqxAHMSNMZZUE=", "last_login": "2022-06-09T22:37:41.177Z", "is_superuser": false, "username": "evie1", "first_name": "", "last_name": "", "email": "evie.delannoy@gmail.com", "is_staff": false, "is_active": true, "date_joined": "2022-06-09T22:37:40.979Z", "groups": [], "user_permissions": []}}, {"model": "auth.user", "pk": 9, "fields": {"password": "pbkdf2_sha256$320000$A4bIkfTTOE3GGJx7QS5BWy$9ajTehUOuW/3S6z1Cw3Po9cDwxHvJcu28K7fIMldV6I=", "last_login": "2022-06-17T17:42:29.428Z", "is_superuser": false, "username": "evie12", "first_name": "", "last_name": "", "email": "evie.delannoy@gmail.com", "is_staff": false, "is_active": true, "date_joined": "2022-06-17T17:42:29.234Z", "groups": [], "user_permissions": []}}, {"model": "auth.user", "pk": 10, "fields": {"password": "pbkdf2_sha256$320000$BLQuaQwqCjpcoNl5LIbouO$wBJ0Q4DwpWNHs36tgbFHazEYtV7kn6MkGNvpqyG4eqA=", "last_login": "2022-07-19T02:14:23.920Z", "is_superuser": false, "username": "cosmicbuffalo", "first_name": "", "last_name": "", "email": "nick.delannoy@gmail.com", "is_staff": false, "is_active": true, "date_joined": "2022-07-16T00:43:20.978Z", "groups": [], "user_permissions": []}}, {"model": "auth.user", "pk": 11, "fields": {"password": "pbkdf2_sha256$320000$zvnACWmlRsSyiROlhkSeOa$bWGV/pGFNG9pXuMdxvKbwjceDauB/q72Q0cluS/c5Ss=", "last_login": "2022-07-18T19:13:13.837Z", "is_superuser": false, "username": "evie2", "first_name": "", "last_name": "", "email": "evie2@gmail.com", "is_staff": false, "is_active": true, "date_joined": "2022-07-18T19:13:13.648Z", "groups": [], "user_permissions": []}}, {"model": "auth.user", "pk": 12, "fields": {"password": "pbkdf2_sha256$320000$TamiaqTLPlYeHQAO2ckGeE$39JysdOaxf819m5+fzgsveZlVCexhQKmYkU2xU2jRSk=", "last_login": "2022-07-18T19:14:43.019Z", "is_superuser": false, "username": "evie3", "first_name": "", "last_name": "", "email": "evie2@gmail.com", "is_staff": false, "is_active": true, "date_joined": "2022-07-18T19:14:42.832Z", "groups": [], "user_permissions": []}}, {"model": "auth.user", "pk": 13, "fields": {"password": "pbkdf2_sha256$320000$X94rAJgxC51ClAb7XsYzvJ$lA9nq7mFXOavNF6cZQRTb7H+LN5Pv5Y1eLIOf/ETfes=", "last_login": "2022-07-18T19:18:58.129Z", "is_superuser": false, "username": "evie4", "first_name": "", "last_name": "", "email": "evie@gmail.com", "is_staff": false, "is_active": true, "date_joined": "2022-07-18T19:18:57.944Z", "groups": [], "user_permissions": []}}, {"model": "auth.user", "pk": 14, "fields": {"password": "pbkdf2_sha256$320000$YbUm4waQNjWr1FluTYmXFE$Y7zYibsKV4zMTVFvApLXC2mPqthittuFyLukaPNlfe0=", "last_login": "2023-09-27T16:43:57.522Z", "is_superuser": false, "username": "testuser", "first_name": "", "last_name": "", "email": "testuser@email.com", "is_staff": false, "is_active": true, "date_joined": "2023-09-27T16:43:57.316Z", "groups": [], "user_permissions": []}}, {"model": "auth.user", "pk": 15, "fields": {"password": "pbkdf2_sha256$320000$0iHqgOckPXhfm2eSdqTtHd$Fi/BKKr7gKOYNYshlOldkTjMASx5XalGmeW3Msg3kGw=", "last_login": "2024-02-02T20:59:23.683Z", "is_superuser": false, "username": "testuser1", "first_name": "", "last_name": "", "email": "test@email.com", "is_staff": false, "is_active": true, "date_joined": "2023-10-03T20:18:56.077Z", "groups": [], "user_permissions": []}}, {"model": "auth.user", "pk": 16, "fields": {"password": "pbkdf2_sha256$320000$d5EQudOn6iSXp9jEEYHAGb$aTj5h7auok6BGKhGjHU4OJrfYAvEEB8Bub0O0/Tk3FE=", "last_login": "2023-10-10T18:52:12.088Z", "is_superuser": false, "username": "eviesong1", "first_name": "", "last_name": "", "email": "e@gmail.com", "is_staff": false, "is_active": true, "date_joined": "2023-10-10T18:52:11.880Z", "groups": [], "user_permissions": []}}, {"model": "contenttypes.contenttype", "pk": 1, "fields": {"app_label": "admin", "model": "logentry"}}, {"model": "contenttypes.contenttype", "pk": 2, "fields": {"app_label": "auth", "model": "permission"}}, {"model": "contenttypes.contenttype", "pk": 3, "fields": {"app_label": "auth", "model": "group"}}, {"model": "contenttypes.contenttype", "pk": 4, "fields": {"app_label": "auth", "model": "user"}}, {"model": "contenttypes.contenttype", "pk": 5, "fields": {"app_label": "contenttypes", "model": "contenttype"}}, {"model": "contenttypes.contenttype", "pk": 6, "fields": {"app_label": "sessions", "model": "session"}}, {"model": "contenttypes.contenttype", "pk": 7, "fields": {"app_label": "trello_boards", "model": "board"}}, {"model": "contenttypes.contenttype", "pk": 8, "fields": {"app_label": "trello_boards", "model": "card"}}, {"model": "contenttypes.contenttype", "pk": 9, "fields": {"app_label": "trello_boards", "model": "list"}}, {"model": "contenttypes.contenttype", "pk": 10, "fields": {"app_label": "trello_boards", "model": "checklist"}}, {"model": "contenttypes.contenttype", "pk": 11, "fields": {"app_label": "trello_boards", "model": "checklistitem"}}, {"model": "contenttypes.contenttype", "pk": 12, "fields": {"app_label": "trello_boards", "model": "label"}}, {"model": "contenttypes.contenttype", "pk": 13, "fields": {"app_label": "trello_boards", "model": "cardmembership"}}, {"model": "contenttypes.contenttype", "pk": 14, "fields": {"app_label": "trello_boards", "model": "boardmembership"}}, {"model": "contenttypes.contenttype", "pk": 15, "fields": {"app_label": "trello_boards", "model": "cardlabel"}}, {"model": "sessions.session", "pk": "0k9wpiqw4gnhl0ve1tifvaj6pggoznns", "fields": {"session_data": ".eJxVjDsOwjAQBe_iGll27PWHkj5niHY3Dg4gW4qTCnF3EikFtG9m3lsMuK152FpahnkUV6FBXH5HQn6mcpDxgeVeJdeyLjPJQ5EnbbKvY3rdTvfvIGPLe00hGNY-aaZIZAxaZxj8BJDYgvcKSE0dR9ORQwcxBXBkSe22dlqh-HwBB4k3zw:1rAxnt:VY5GM20obw_3VkMZ4fv3Tu97i5F8tyN2QYM0BrF8dhs", "expire_date": "2023-12-20T19:43:29.678Z"}}, {"model": "sessions.session", "pk": "b28rkb1qbqqyuqawpkuysoq8b9hnuviu", "fields": {"session_data": ".eJxVjDsOwjAQBe_iGll27PWHkj5niHY3Dg4gW4qTCnF3EikFtG9m3lsMuK152FpahnkUV6FBXH5HQn6mcpDxgeVeJdeyLjPJQ5EnbbKvY3rdTvfvIGPLe00hGNY-aaZIZAxaZxj8BJDYgvcKSE0dR9ORQwcxBXBkSe22dlqh-HwBB4k3zw:1rClPM:ualEuKJiTZ8x6wNNCp9NA02dllvDIv7Ff2BgeAF22lg", "expire_date": "2023-12-25T18:53:36.389Z"}}, {"model": "sessions.session", "pk": "mpv06v7c08pi7f8z9a9oxre7jalldefq", "fields": {"session_data": ".eJxVjMsOwiAQRf-FtSGAMAwu3fcbCAwztmrapI-V8d-1SRe6veec-1K5bGuft4XnPDR1UVadfrda6MHjDtq9jLdJ0zSu81D1ruiDLrqbGj-vh_t30Jel_9YhCRhPoSZiNGQTSDDCURI4kUgGPHrxwTEGd7YIDI7QCiE0G8Wr9wfZITdu:1o47Ja:v44WJWzjbeUjKC1rgCpGaN32s2JraAhZrQkqf9aDTK8", "expire_date": "2022-07-06T20:51:06.773Z"}}, {"model": "sessions.session", "pk": "nnhmxtx3kzwxc9uaepmpq46munzsufh6", "fields": {"session_data": ".eJxVjDsOwjAQBe_iGll27PWHkj5niHY3Dg4gW4qTCnF3EikFtG9m3lsMuK152FpahnkUV6FBXH5HQn6mcpDxgeVeJdeyLjPJQ5EnbbKvY3rdTvfvIGPLe00hGNY-aaZIZAxaZxj8BJDYgvcKSE0dR9ORQwcxBXBkSe22dlqh-HwBB4k3zw:1rW0d9:pO3egU9yPbaYLCbjF23G6V84DENPelbGjIyufFVYSWU", "expire_date": "2024-02-16T20:59:23.685Z"}}, {"model": "sessions.session", "pk": "pltq1jovqbds69ytoa4tjnajfohaapre", "fields": {"session_data": ".eJxVjMsOwiAQRf-FtSGAMAwu3fcbCAwztmrapI-V8d-1SRe6veec-1K5bGuft4XnPDR1UVadfrda6MHjDtq9jLdJ0zSu81D1ruiDLrqbGj-vh_t30Jel_9YhCRhPoSZiNGQTSDDCURI4kUgGPHrxwTEGd7YIDI7QCiE0G8Wr9wfZITdu:1oEF6U:ed72UdOhfN6-ELjPD81CxPS8fw2DT56SrS_OvylRP28", "expire_date": "2022-08-03T19:11:26.603Z"}}, {"model": "sessions.session", "pk": "w0oubosmzo7iuusazf8ksmnun18frlry", "fields": {"session_data": ".eJxVjEsOAiEQBe_C2hDA5qNL956BNHQjowaSYWZlvLtOMgvdvqp6LxFxXWpcB89xInEW2onD75gwP7hthO7Ybl3m3pZ5SnJT5E6HvHbi52V3_w4qjvqtTVKZSzoCF6299dmyz8VBBiAwBq0OlpzyqrgEzB5PbMgqk0gHZhfE-wMZSjhn:1qqHq0:Eb46Y0Wm9J7b9D9s_d0t90uhTkIWmIyrmd3Tuh3f_wA", "expire_date": "2023-10-24T18:52:12.090Z"}}]